palette name,pictures,rose,red,orange,yellow,lime,green,teal,cyan,azure,blue,purple,magenta
02591_vermilionlakes_2560x1600,597,0,0,286,567,1,0,0,0,0,0,0,0
02595_oiawindmills_2560x1600,740,0,0,1,14,0,0,0,0,52,718,42,0
02596_lakehawea_2560x1600,603,0,0,3,594,234,0,0,0,0,0,0,0
02598_asgardrealmofthegods_2560x1600,559,0,7,487,130,0,0,0,0,1,60,0,0
02604_platform_2560x1600,680,0,0,0,0,0,2,361,31,3,21,114,200
02605_journeytoheaven_2560x1600,469,34,37,20,1,0,0,0,0,9,202,119,62
103420,118,0,89,47,10,0,0,0,0,0,0,0,0
2pi1Zz6,514,0,0,0,0,0,1,50,152,14,33,285,31
72kcy - Imgur,458,1,248,439,0,0,0,0,0,0,0,0,0
795548-3840x2160-desktop-4k-fractal-background,298,0,0,0,0,0,1,41,295,0,0,0,0
795549-3840x2160-desktop-4k-fractal-background,453,0,21,439,187,0,0,0,0,0,0,0,0
795565-3840x2160-desktop-4k-fractal-wallpaper-image,653,176,237,0,0,0,1,1,0,0,152,169,39
Abyss to Foam,597,0,0,0,0,0,316,214,160,74,6,0,0
Amber Highlands,348,0,12,346,81,0,0,0,0,0,0,0,0
Amber Signal,399,0,3,271,377,2,0,0,0,0,0,0,0
Amber Through Teal and Lime,567,0,0,31,2,144,214,315,0,0,0,0,0
Amethyst Veil,667,0,0,0,0,0,0,0,0,4,24,74,617
Arcade Black,373,177,0,1,138,0,0,0,0,72,7,2,25
Ash Ember Arc,547,0,14,543,70,0,0,0,0,0,0,0,0
Ash Gold,505,0,0,0,467,4,0,0,0,0,3,0,0
Ash Rose Vault,857,788,131,0,0,0,0,0,0,0,0,0,263
Ashen Orchid,580,0,0,0,0,0,0,0,57,30,4,48,481
Aster Bloom,549,0,0,0,0,1,281,261,44,4,1,24,79
Aurora Curtain,470,0,0,0,0,0,185,80,35,217,85,0,0
Aurora Undertow,469,0,0,0,0,2,273,105,5,174,1,0,0
Azure & Coal,558,0,33,163,0,0,0,0,0,417,52,1,0
Azure Monolith,663,0,0,72,0,0,0,0,3,619,42,0,0
"Azure, Gold, Oxblood",641,0,91,72,133,0,0,0,1,416,38,0,0
Bauhaus Primary,391,22,282,1,26,0,0,0,0,0,93,3,11
Bauhaus Workshop,408,2,237,117,98,2,0,0,0,0,46,0,0
Black Iris,696,33,5,0,22,287,0,0,0,0,0,0,440
"Black Lacquer, Teal Seal",649,0,0,0,0,0,0,511,40,1,2,3,201
Bleached Bronze,600,0,0,1,594,46,0,0,0,0,0,0,0
Blossom Triad,445,296,0,0,0,0,0,0,0,0,0,165,134
"Blue Held, Amber Struck",211,1,8,75,0,0,0,0,0,134,45,1,2
Blues,353,0,0,0,0,0,0,0,1,347,15,0,0
"Blush Room, Wine Dark",157,95,139,0,0,0,0,0,0,0,12,0,1
Blush Vault,514,511,5,0,0,0,0,0,0,0,0,0,0
Blush and Bracken,475,5,234,14,6,252,0,0,0,0,0,0,0
Boho Cloth,422,0,69,381,15,27,0,0,0,0,0,0,0
Boho Dust,462,0,23,343,43,124,0,0,0,0,0,0,0
Bone & Bruise,578,18,4,1,0,0,0,0,0,0,0,0,563
Bone & Deep Petrol,451,0,0,24,3,0,36,425,20,0,0,0,0
Bone Orchard Rose,774,697,317,4,0,25,5,0,0,0,0,0,0
Bone Vault,177,17,48,0,0,0,0,0,0,13,122,4,0
Bone and Blush,776,705,469,1,0,0,0,0,0,0,0,0,0
Bone and Deep Green,640,0,0,0,0,96,633,26,0,0,0,0,0
Bone and Moss,689,0,0,2,667,240,0,0,0,0,0,0,0
Bone and Verdigris,503,0,0,1,191,36,1,3,310,0,0,0,0
Boulevard Gold,422,0,5,130,174,0,0,0,0,0,193,50,6
BrBG,473,0,0,112,131,31,19,260,0,0,0,0,0
Bracken and Bone,528,0,0,37,67,483,0,0,0,0,0,0,0
Bramble at Dusk,421,238,4,1,1,21,252,0,0,0,0,0,0
Brass Tide,406,0,0,0,129,8,8,63,260,0,0,0,0
Bronze Fern,405,0,0,0,231,37,154,110,0,0,0,0,0
Bruised Velvet,646,0,0,0,0,0,0,0,0,6,329,250,238
BuGn,759,0,0,0,0,0,700,490,0,1,0,0,0
BuPu,685,0,0,0,0,0,0,0,0,28,276,484,257
Burgundy & Coal,629,95,599,0,2,0,0,0,0,0,22,0,0
Buried Fire,544,4,519,170,2,0,0,0,0,0,0,0,0
Burnished Deep,405,1,14,375,0,0,0,0,0,0,41,0,0
Burnt Boulevard,432,0,204,400,45,0,0,0,0,0,0,0,0
Butter Fathom,430,0,0,0,39,15,0,0,3,391,27,0,0
Butter Storm,405,0,0,0,246,9,2,1,1,201,3,0,0
CMRmap,546,6,103,59,162,0,0,0,0,0,128,68,28
Candle & Wine,551,467,54,54,0,0,0,0,0,0,0,0,114
Candle Ramp,310,9,309,3,0,0,0,0,0,0,0,0,1
Cellar & Yew,479,111,139,2,3,11,310,0,0,0,0,0,0
Chalcedony,765,0,0,0,0,0,0,0,0,5,434,487,159
Chart & Compass,451,0,0,0,90,1,0,26,241,115,66,0,0
Chartreuse Eclipse,591,1,0,0,1,338,0,0,0,0,0,341,0
Chartreuse Furnace,550,0,0,0,83,417,258,0,0,0,0,0,0
Chartreuse Nocturne,462,14,0,1,6,363,2,0,0,0,0,0,114
Chartreuse Vault,700,0,0,0,1,540,258,58,0,0,0,0,0
Chrome Violet Hour,402,3,0,0,0,0,0,0,69,3,1,2,354
Cinnabar Cathedral,633,419,1,0,0,0,0,191,167,1,0,0,1
Cirrus & Ember,380,1,1,95,0,0,0,0,0,245,225,3,1
Claret Ember,460,23,448,40,8,0,0,0,0,0,0,0,0
Coal & Coal-Fire,556,3,202,8,0,0,0,0,0,240,293,36,5
Coal & Malachite,636,136,0,0,2,5,521,0,0,0,0,0,107
Coal Amber,443,0,1,161,425,0,0,0,0,0,0,0,0
Coal Rose,318,183,0,0,0,0,0,0,0,2,141,14,16
Coalglow,96,0,9,96,17,0,0,0,0,0,0,0,0
Cobalt & Celadon,572,0,0,0,0,0,168,266,43,207,197,0,0
Cobalt & Coal,668,3,61,270,0,0,0,0,0,200,359,19,3
Cobalt Against Gold,252,0,0,5,109,0,0,0,0,3,152,3,0
Cobalt Detonation,406,9,26,323,2,0,0,0,0,0,68,7,3
Cobalt Furnace Ultra,635,15,270,162,0,0,0,0,0,97,258,23,18
Cobalt Meets Blush,380,87,0,0,0,0,0,0,0,23,216,54,124
Cobalt Meets Rust,543,23,248,5,0,0,0,0,0,171,163,24,28
Cobalt Monody,614,1,59,0,0,0,0,0,0,389,517,2,1
Cobalt Orchid,823,0,0,0,0,0,0,0,0,3,421,265,344
Cobalt Without Daylight,410,0,69,221,0,0,0,0,0,0,180,5,0
"Cobalt, Crimson, Gold",585,29,126,97,255,0,0,0,0,2,122,19,5
Cobalt-Rust Double Flare,663,11,161,249,0,0,0,0,0,96,357,31,9
Cochineal & Cream,483,16,476,2,0,0,0,0,0,0,0,0,0
Cold Fern Ramp,513,0,0,0,0,1,393,315,36,1,0,0,0
Cold Forge,587,5,242,0,0,0,1,1,435,4,0,0,0
Cold Iron Ascent,267,0,0,0,0,0,0,0,1,266,1,0,0
Cold Sweep,277,0,0,0,0,0,0,0,90,272,6,0,0
Coldhearth,618,4,65,78,0,0,0,0,0,398,374,17,7
"Copper Bloom, Teal Fleck",520,0,20,406,17,0,8,137,0,0,0,0,0
Copper Fathom,401,0,10,137,1,0,0,0,0,8,281,23,1
Copper Meets Tide,200,0,18,83,2,3,8,108,11,0,0,0,0
Copper Reef,490,0,0,205,6,13,52,271,0,0,0,0,0
Copper Tide,639,9,289,88,0,0,0,0,3,325,11,3,3
Copper Verdigris,539,0,0,102,96,117,324,0,0,0,0,0,0
Copper Vespers,130,0,10,128,49,0,0,0,0,0,0,0,0
Copper on Slate,497,0,146,349,5,2,0,117,39,0,0,0,0
Copper on Verdigris,621,0,0,188,4,4,203,389,0,0,0,0,0
"Copper, Sage & Petrol",434,0,1,172,47,23,165,130,2,0,0,0,0
Coral Nocturne,428,34,425,0,0,0,0,0,0,0,0,0,0
Coral Signal,479,0,382,0,1,0,0,90,96,0,0,0,0
Coral Tideline,536,0,280,511,1,0,0,0,0,0,0,0,0
Coral in the Trench,506,0,180,126,2,0,0,193,277,0,0,0,0
Counter Chrome,448,188,16,0,3,8,97,218,0,0,0,0,0
Court of Thorns,618,448,7,0,39,9,0,0,0,0,3,136,64
Crimson Ice Duet,871,617,2,0,0,0,0,0,0,248,45,19,65
Cyan & Ember,483,3,198,0,0,0,1,1,354,30,1,1,0
"Cyan Coal, One Coral",243,0,66,0,0,0,0,1,192,0,0,0,0
Cyan Tide,675,0,0,0,0,0,1,3,665,1,0,0,0
Cyan Vault,604,11,0,0,0,0,4,9,526,16,1,0,68
"Cyan, Magenta, Amber",558,0,0,63,0,0,0,0,324,55,11,2,171
Cyanotype Furnace,563,0,22,72,0,0,1,3,503,0,0,0,0
Damson and Ore,402,1,0,1,10,0,0,0,0,0,0,1,385
Deco Lacquer,409,0,0,9,354,16,68,2,0,0,0,0,0
Deco Malachite,404,0,0,0,72,6,341,245,0,0,0,0,0
Deep Azure & Coral,579,0,15,48,19,70,3,0,17,413,5,0,0
Deep Cold Run,365,0,0,0,0,0,0,2,106,331,18,1,0
Deep Current,554,0,0,0,0,0,0,548,300,0,0,0,0
Deep Iris Rise,626,0,0,0,0,0,0,0,0,0,7,383,508
Deep Rose Vault,865,799,8,0,0,0,0,0,0,0,0,0,366
Deep Verdigris Sweep,137,0,0,0,0,0,0,118,134,0,0,0,0
"Deep Wood, One Ember",571,0,0,50,14,27,520,0,0,0,0,0,0
Delft Deep,477,0,0,0,0,0,0,1,1,80,470,0,0
Dove & Apricot,512,0,6,101,0,0,0,0,0,342,353,1,0
Drape & Shadow,415,51,379,0,0,0,0,0,0,0,31,0,0
Ember Against Steel,702,124,495,1,0,0,0,0,0,67,181,1,4
Ember Gate,559,0,9,364,24,0,0,180,107,0,0,0,0
Ember Gilt,453,0,0,27,444,1,0,0,0,0,0,0,0
Ember Gradient,513,0,237,448,33,0,0,0,0,0,0,0,0
Ember Over Tidewater,379,0,7,225,0,0,0,0,191,1,0,0,0
Ember Rising,163,0,99,126,25,0,0,0,0,0,0,0,0
Ember Rose Ramp,789,782,33,0,0,0,0,0,0,0,0,0,2
Ember Standard,750,0,0,0,313,0,0,0,0,0,500,56,0
Ember Terracotta,443,0,434,173,0,0,0,0,0,0,0,0,0
Ember Triad,543,89,8,99,12,18,66,0,0,0,0,0,312
Ember Undertow,534,0,28,450,4,0,0,0,0,33,37,0,1
Ember in Green Ash,499,0,77,5,1,46,419,0,0,0,0,0,0
Ember in Orchid Ash,579,0,0,0,0,0,0,0,0,0,0,0,571
Ember in Smoke,604,0,587,568,1,1,0,0,0,0,0,0,0
Ember to Lime,702,0,16,468,311,160,0,0,0,0,0,0,0
Emerald Furnace,610,0,0,0,0,0,606,0,0,0,0,0,0
Emerald Ingot,580,0,0,2,315,287,259,0,0,0,0,0,0
Ensign,454,93,257,0,0,0,0,0,0,8,145,15,23
Faded Gilt,142,0,5,140,31,0,0,0,0,0,0,0,0
Faded Salon,280,45,236,29,0,0,0,0,0,2,28,0,0
Fanned Coals,123,0,43,112,1,0,0,0,0,0,0,0,0
Fathom Ice,478,0,0,0,0,0,1,1,175,471,22,0,0
Fen Fire,280,0,51,16,154,8,11,85,1,0,0,0,0
Fern Drift,574,0,0,0,2,235,290,138,121,1,0,0,0
Fern Ladder,483,0,0,0,0,110,473,0,0,0,0,0,0
Field at Dusk,378,4,1,3,194,64,0,0,0,0,0,170,13
"Fire, One Cobalt Chip",510,2,408,184,1,0,0,0,0,13,51,1,0
Foam & Olive,364,0,0,0,0,57,286,195,0,0,0,0,0
Foam Over Indigo,557,5,174,0,0,0,1,2,21,78,335,3,4
Forest Bloom,567,0,0,0,0,2,560,11,2,0,0,0,0
Forest Kiln,551,0,0,0,0,0,546,2,0,0,0,0,0
Forest to Foam,114,0,0,0,0,0,90,83,0,0,0,0,0
Forge Ascent,695,0,0,78,680,2,0,0,0,0,0,0,0
Forge Sweep,709,0,392,527,193,3,0,0,0,0,0,0,0
Forge and Frost,495,0,206,337,0,0,1,82,128,0,0,0,0
Forge to White,691,0,493,330,76,3,0,0,0,0,0,0,0
Formica Neon,443,326,29,1,0,0,77,98,0,0,0,0,0
Foxglove & Iron,706,631,44,0,0,0,44,103,0,0,0,0,1
Frost & Cinder,536,1,212,104,0,0,0,0,0,229,249,6,0
Frost Orchid,672,0,0,0,0,0,0,0,0,0,0,458,430
Fuchsia & Acid,624,65,0,0,5,240,0,0,0,0,0,0,408
Fuchsia & Coal,723,143,18,39,67,0,0,0,0,0,0,0,557
Fuchsia Beacon,677,0,0,0,0,0,0,0,1,459,72,20,264
Fuchsia Cliffside,757,0,0,0,0,0,0,130,251,1,4,52,501
Fuchsia Ironworks,647,252,2,3,53,0,1,1,0,76,296,55,34
Furnace Rose,937,564,584,49,0,0,0,0,0,0,0,0,0
Garnet Tide,545,422,14,1,1,1,157,2,0,0,0,0,2
Gilded Moss,402,0,0,0,318,51,89,23,0,0,0,0,0
Gilt Triad,705,0,373,127,249,0,0,0,0,19,55,0,0
Gilt and Rose,853,630,118,86,195,0,0,0,0,0,0,0,0
Glacier Ascent,127,0,0,0,0,0,0,0,0,108,104,0,0
Glacier Drift,701,0,0,0,0,0,0,0,567,421,3,0,0
Glacier Meridian,426,0,0,0,0,0,1,7,416,10,0,0,0
GnBu,587,0,0,0,0,0,118,91,199,336,0,0,0
Gold Cliff Sage,680,0,0,2,515,99,203,0,0,0,0,0,0
"Gold Field, Blood Spark",520,0,6,495,284,2,0,0,0,0,0,0,0
Gold Leaf on Lacquer,454,0,0,14,450,1,0,0,0,0,0,0,0
"Gold Leaf, Deep Water",390,0,0,29,286,0,0,0,0,0,108,0,0
Green Against Oxblood,578,0,176,71,13,71,362,0,0,0,0,0,0
"Green Fire, Black Ash",577,0,304,3,0,44,340,0,0,0,0,0,0
"Green Flag, Blue Water",630,0,0,0,0,0,296,51,27,237,229,0,0
Green Hour,559,0,0,39,337,216,144,0,0,0,0,0,0
Green Triad Dusk,449,0,128,80,52,199,24,10,23,4,0,0,0
Green Vault,631,0,0,0,58,23,599,1,0,0,0,0,0
Green Water Drift,598,0,0,0,0,0,32,245,468,36,1,0,0
"Green Water, Blue Deep",658,0,0,0,0,0,6,155,259,323,246,1,0
Green and Magenta,493,101,0,0,0,3,385,0,0,0,0,0,116
"Green, Cobalt, Amber",549,0,0,12,0,0,253,38,39,236,67,0,0
"Green, Gold, Magenta",520,123,7,0,87,16,148,0,0,0,0,0,222
"Green, Violet, Bone",775,0,0,0,0,4,200,0,0,0,8,601,31
Greens,112,0,0,0,0,0,111,0,0,0,0,0,0
Harbour Sand,441,0,0,0,76,2,0,25,110,121,216,0,0
Harbour Spark,474,0,0,0,0,0,0,0,255,468,7,0,0
Harvest Wallpaper,423,0,153,395,119,1,0,0,0,0,0,0,0
"High Cyan, Low Gold",749,0,0,12,2,0,2,313,617,0,0,0,0
High Gold,666,0,0,24,549,2,0,0,0,0,0,155,2
Hollow Lantern,439,0,386,415,1,0,0,0,0,0,0,0,0
Ice Sage Ramp,595,0,0,0,0,0,0,111,194,481,22,0,0
Ice Shaft,671,0,0,0,0,0,5,660,0,0,0,0,0
Ice Spire,778,0,0,0,0,0,0,2,5,502,732,2,0
Ice Verdant Ramp,754,0,0,0,0,0,2,517,545,75,0,0,0
Ice Walk,486,0,0,0,0,0,0,0,23,480,38,0,0
Ice with an Ember,503,0,48,41,0,0,0,0,5,432,40,0,0
Ice-to-Ember Cliff,686,1,77,125,0,0,0,0,0,435,426,18,2
Indigo & Old Gold,385,0,0,0,103,0,1,1,0,0,289,106,0
Indigo Descent,295,0,0,0,0,0,0,0,0,0,190,293,0
Indigo Kindling,1092,0,0,0,0,0,0,0,0,0,603,734,210
Indigo Marquee,367,2,2,66,159,0,0,0,0,0,184,47,8
Indigo Nocturne,896,0,0,0,0,0,0,0,0,0,485,875,3
Indigo Rungs,472,0,0,0,0,0,0,0,3,447,462,0,0
Indigo Teal Crests,632,0,0,0,0,0,146,360,359,28,0,0,0
Indigo Tideline,297,0,0,0,0,0,0,157,218,90,0,0,0
Indigo Walk to Lime,603,0,0,0,0,15,89,191,94,329,9,0,0
"Indigo, Cyan, Teal, Foam",556,0,0,0,0,0,113,235,74,235,79,0,0
Ink & Fuchsia Flare,876,205,0,0,0,0,0,0,0,3,506,96,283
Inkfall,647,0,0,0,0,0,0,0,0,0,348,397,142
Iris Ascension,929,0,0,0,0,0,0,0,0,0,6,927,2
Ivory Gilt,364,0,0,0,206,18,184,76,0,0,0,0,0
Jade in Amethyst Light,587,0,0,0,0,1,320,31,1,0,1,253,41
Jqmsl,463,0,9,309,317,0,0,0,0,0,0,0,0
Jungle Canopy,411,0,0,0,0,117,402,15,0,0,0,0,0
Jungle Floor,401,0,0,0,0,105,375,83,0,0,0,0,0
Khaki Cathedral,496,35,26,38,243,0,0,0,0,0,0,0,220
Kiln Triad,383,0,171,263,69,56,1,0,0,0,0,0,0
Lacquer & Bone,440,28,436,0,0,0,0,0,0,0,0,0,1
Ladder to Ice,468,0,0,0,0,0,0,0,1,426,462,0,0
Lagoon Neon,388,103,1,0,0,121,59,140,115,0,0,0,0
Lantern Rose,789,773,2,0,0,0,0,0,25,1,0,0,1
Lantern in the Deep,608,4,35,282,0,0,0,0,2,290,123,5,6
Lavender Bleach,369,4,2,21,151,9,0,0,0,0,0,218,1
Lichen and Ink,517,0,0,0,2,322,1,0,0,0,222,0,0
"Lilac Drift, Plum Trough",523,222,147,3,0,0,0,0,0,0,0,1,316
Lilac Vellum,617,0,0,0,0,0,0,0,0,0,0,321,598
Lime Ash Ember,583,0,9,33,18,539,0,0,0,0,0,0,0
Lime and Cobalt,680,0,0,0,0,308,57,3,1,173,382,0,0
Lime on Black Glass,769,0,0,0,0,439,0,0,0,0,1,457,6
"Lime, Cobalt, Oxblood",591,1,90,2,1,340,23,0,0,18,167,1,1
"Lime, Sage & Teal Dusk",533,0,1,0,116,195,150,56,0,0,1,142,4
"Lime, Steel, Rose",575,332,4,4,49,251,1,0,0,0,0,0,5
Long Autumn,578,0,216,550,70,1,0,0,0,0,0,0,0
Madder Lantern,662,476,104,45,156,0,0,0,0,0,0,0,0
Malachite & Rose,557,358,6,4,13,35,221,0,0,0,0,0,1
Malachite and Rose,379,87,1,0,2,182,201,0,0,0,0,0,0
Marsh Lantern,461,11,137,17,0,0,1,160,183,0,0,1,102
Mauve Hollow,539,197,0,0,0,0,0,0,0,0,0,0,525
Memphis Blackboard,443,87,0,3,213,6,6,9,177,2,0,0,1
Memphis Chalkline,363,157,6,32,192,1,0,0,37,0,0,0,0
Mesa Noon,451,0,208,112,1,0,1,235,0,0,0,0,0
Mesa Shadow,388,0,166,52,3,0,4,214,1,0,0,0,0
Midnight Regalia,420,0,0,0,75,0,0,0,0,189,374,0,0
Mineral Verdigris & Copper,549,0,0,111,5,2,8,401,239,0,0,0,0
Mint & Wine Air,539,217,7,0,0,0,309,190,1,0,0,0,18
"Mint Field, Teal Well",662,0,0,0,0,0,341,632,0,0,0,0,0
"Mist Field, Ink Well",472,0,0,0,0,2,300,434,0,0,0,0,0
Moss & Rust,573,0,1,153,10,96,404,0,0,0,0,0,0
Moss Under Snow,111,4,1,0,0,3,93,0,0,0,0,0,22
Moss and Ore,390,0,0,0,131,16,304,81,0,0,0,0,0
"Moss, Clay & Gold",671,0,2,265,300,323,5,0,0,0,0,0,0
Mustard Field,431,0,5,190,378,67,0,0,0,0,0,0,0
Muted Triune,529,13,1,0,55,12,3,153,93,14,5,10,175
MyFractal01,396,0,33,359,38,1,0,0,0,0,0,0,0
MyFractal03,547,0,0,0,0,0,0,1,45,485,269,0,0
MyFractal04,461,0,313,292,13,0,0,0,0,0,0,0,0
Navy to Foam,750,0,0,0,0,0,266,596,284,19,0,0,0
Nebula Flare,397,0,0,0,0,0,0,0,0,0,17,359,178
Nebula Veil,513,0,0,0,0,0,0,0,0,0,5,511,27
Neon Bramble,411,243,30,2,1,3,222,0,0,0,0,0,0
Neon Causeway,420,177,119,58,0,0,0,0,0,0,0,147,70
Neon Grid,385,0,0,0,0,0,0,0,185,26,13,6,222
Neon Pop Flash,419,102,2,5,174,0,0,0,0,86,82,21,16
Nightbloom Signal,410,0,0,0,0,0,0,0,0,0,184,45,240
Nightfall Azure,644,0,0,0,0,0,0,1,146,600,152,0,0
Nightfall Spectrum,685,1,0,0,0,0,0,0,0,0,271,503,271
Nineties Arcade,419,12,244,103,0,0,1,40,17,0,0,105,3
Nineties Dusk,347,0,26,57,0,0,0,126,130,10,7,87,0
Ochre Against Steel,512,0,1,80,15,1,2,5,277,269,1,0,0
Ochre Loam,436,0,6,194,300,128,0,0,0,0,0,0,0
Olive Ash,550,0,74,25,410,386,0,0,0,0,0,0,0
Olive Cellar,417,0,0,82,300,249,0,0,0,0,0,0,0
Olive Ember Ramp,531,0,3,350,256,95,0,0,0,0,0,0,0
"Olive Field, Violet Spark",618,0,0,0,1,568,3,0,0,0,0,97,0
Olive Turn,407,0,43,255,207,36,0,0,0,0,0,0,0
"Olive, Ash-Blue & Rose",480,111,1,0,2,98,4,2,0,123,121,13,71
"Olive, Blood, Cobalt",698,2,252,65,74,208,0,0,0,55,129,2,1
"Olive, Green, Ochre",596,0,0,0,160,372,339,0,0,0,0,0,0
"Olive, Lime, Foam",559,0,0,0,8,355,348,32,0,0,0,0,0
One Coal Alight,523,11,503,76,0,0,0,0,0,1,0,0,0
Opal & Ink,775,0,0,0,0,0,0,0,0,257,462,412,0
Opal Drift,690,0,0,0,0,0,0,0,7,385,465,165,0
"Opal Field, Sapphire Spark",406,0,15,357,14,0,0,0,0,25,34,0,0
OrRd,639,0,578,287,5,0,0,0,0,0,0,0,0
Oranges,637,0,384,560,4,1,0,0,0,0,0,0,0
Orchid & Goldshadow,660,305,36,233,31,0,0,0,0,0,0,0,292
Orchid Deep,574,0,0,0,0,0,0,27,46,0,0,9,496
Orchid Furnace,693,17,0,0,0,0,0,0,0,0,0,0,689
Orchid Procession,718,0,0,0,0,0,0,0,0,0,266,627,260
Orchid Triad,897,595,33,9,73,0,0,0,0,0,109,47,413
Orchid Triad Ember,667,36,1,11,64,0,0,0,0,2,400,87,132
Oxblood & Petrol Seam,617,4,455,1,1,0,0,117,157,0,0,0,0
Oxblood Procession,485,482,7,0,0,0,0,0,0,0,0,0,1
Oxblood Standard,459,0,372,116,92,0,0,0,0,0,0,0,0
Oxblood Thicket,448,0,116,0,0,11,373,0,0,0,0,0,0
"Oxblood, Amber, Teal",643,1,228,555,7,2,0,39,32,0,0,0,0
"Oxblood, Cyan, Cream",345,0,106,2,0,0,0,1,268,0,0,0,0
"Oxblood, Ochre, Petrol",625,0,340,177,142,4,3,111,2,0,0,0,0
"Oxblood, One Cold Spark",742,105,674,0,0,0,0,0,0,0,52,3,0
Oxide & Copper Edge,615,0,0,176,16,20,65,387,0,0,0,0,0
Oxide and Ember,467,0,28,349,86,98,0,0,0,0,0,0,0
PRGn,643,0,0,0,0,1,361,1,0,0,0,35,334
Pale Aurora,186,0,0,85,4,0,1,97,40,0,0,0,0
Pale Ember Over Teal,512,0,0,251,21,17,22,248,0,0,0,0,0
Pale Fire Rose,917,701,4,0,0,0,0,0,0,82,218,12,56
Pale Harbor,704,0,0,64,1,0,0,0,106,645,70,1,0
Pale Moss Field,524,0,0,0,1,317,320,120,0,0,0,0,0
"Pale Orchid, Deep Well",661,0,0,0,0,194,0,0,0,0,3,530,0
Pale Reed Hollow,482,0,0,0,1,356,329,0,0,0,0,0,0
"Pale Reef, Three Lights",567,1,47,72,22,0,1,7,140,381,2,0,1
Pale Reliquary,429,1,2,23,313,0,0,0,0,0,161,13,0
Pale Triad,560,27,3,9,130,9,0,279,225,1,0,0,75
"Pale Verdigris, Copper Heart",463,0,0,1,1,0,2,458,0,0,0,0,0
Patina Brass,348,0,0,0,263,21,1,26,81,0,0,0,0
Peacock Nocturne,409,0,0,11,208,5,2,17,192,0,0,10,1
Peacock Regalia,411,0,0,4,187,4,1,9,164,0,0,42,20
Peat & Rose Smoke,552,249,183,281,24,1,0,0,0,0,0,0,0
Periwinkle Room,664,0,0,0,0,0,0,0,0,161,661,163,0
Petal Drift,720,576,4,0,0,0,0,0,0,0,0,18,307
Petal Dusk,451,435,9,0,0,0,0,0,0,0,0,0,63
Petrol & Amber,452,0,0,59,117,3,21,304,157,0,0,0,0
Petrol & Coal,603,0,348,0,0,0,0,26,294,0,0,0,0
Petrol & Coral,537,0,279,180,2,2,4,206,124,0,0,0,0
Petrol & Flame,250,0,4,104,13,6,4,115,67,0,0,0,0
Petrol Bloom,497,0,1,26,0,0,1,277,457,0,0,0,0
Petrol Boundary,532,0,0,47,327,18,5,174,144,0,0,0,0
Petrol Dawn,255,0,2,143,4,2,9,102,34,0,0,0,0
Petrol Depths,149,0,0,0,0,0,0,96,145,0,0,0,0
"Petrol Depths, Ember Spark",167,0,2,38,0,0,0,112,128,0,0,0,0
Petrol Monolith,629,0,0,0,0,0,1,552,7,0,0,0,90
Petrol Noon,644,0,0,1,457,12,1,180,109,0,0,0,0
Petrol to Powder,519,0,0,0,0,0,0,4,427,256,2,0,0
"Petrol, One Coral",276,0,5,34,0,0,5,240,9,0,0,0,0
Pewter Bloom,453,0,0,0,0,0,0,0,0,427,446,0,0
Phosphor Deep,390,0,0,0,0,0,388,0,0,0,0,0,0
PiYG,647,359,21,12,9,286,70,0,0,0,0,0,6
Pine and Frost,581,0,0,0,0,1,450,394,2,0,0,0,0
Plum Anvil,277,121,0,0,0,0,0,0,0,122,74,6,13
Plum Cut with Gold,631,167,11,10,106,0,0,0,0,0,0,0,460
Plum Gilding,306,4,17,20,226,0,0,0,0,0,0,0,63
Plum Reliquary,700,81,14,3,186,0,0,0,0,0,0,0,520
Plum Walk,616,534,369,1,0,0,0,0,0,0,0,32,53
Plum in Ash,600,0,0,0,0,75,0,0,0,0,2,393,532
"Plum, Cobalt, Acid",642,0,0,0,0,127,2,0,0,1,254,429,45
"Plum, Gold & Moss",650,138,32,54,213,182,0,0,0,0,0,0,217
Porcelain Azure,783,0,11,0,0,0,0,0,3,769,41,0,0
Porcelain Field,537,0,0,0,0,0,0,0,0,136,534,0,0
Prism Veil,640,0,1,92,2,1,108,5,0,1,7,422,28
Prism on Ice,539,0,0,0,61,1,1,77,100,21,74,288,0
PuBu,420,0,0,0,0,0,0,0,0,395,109,3,0
PuBuGn,656,0,0,0,0,0,0,76,258,508,73,2,1
PuOr,564,15,67,295,1,0,0,0,0,0,0,260,14
PuRd,726,659,4,2,0,0,0,0,0,0,0,0,308
Pumpkin Cellar,436,0,397,407,0,0,0,0,0,0,0,0,0
Purples,814,0,0,0,0,0,0,0,0,0,157,809,0
RdBu,792,52,483,3,0,0,0,0,0,344,10,2,10
RdGy,691,8,684,16,1,0,0,0,0,0,0,0,0
RdPu,1015,947,46,0,1,0,0,0,0,0,0,1,448
RdYlBu,575,4,326,90,12,0,0,0,2,191,49,0,0
RdYlGn,628,0,232,71,79,239,208,0,0,0,0,0,0
Reds,643,0,641,5,0,0,0,0,0,0,0,0,0
Reed Walk,685,0,0,0,211,567,156,25,0,0,0,0,0
Reef Triad,485,0,52,228,11,2,1,237,5,0,0,0,0
Reef Without Sun,364,0,127,1,0,0,1,223,202,0,0,0,0
Reef at Midnight,345,84,0,0,0,179,34,57,47,0,0,0,0
Regalia & Sulphur,369,1,1,26,244,0,0,0,0,0,0,145,4
Regatta Ice,463,62,136,0,0,0,0,0,0,0,302,3,5
Reliquary,434,93,127,0,0,0,26,195,4,14,75,0,0
Reliquary Vespers,390,33,45,0,0,0,16,129,1,61,172,1,0
Rose Above,631,27,0,0,0,0,0,0,0,2,202,431,262
Rose Against Cobalt,843,745,19,0,1,0,0,0,0,105,19,6,9
Rose Against Steel,548,16,1,0,0,0,0,0,0,291,505,38,7
Rose Eclipse,745,480,83,248,51,0,0,7,0,0,0,0,0
"Rose Field, Sapphire Cut",722,592,0,0,0,0,0,0,0,1,92,16,262
Rose Furnace,734,440,0,0,0,0,0,0,0,0,0,0,607
Rose Hour Spark,605,17,0,0,0,0,0,0,0,54,529,64,72
Rose Quartz Deep,807,782,16,0,0,0,0,0,0,16,0,0,9
Rose Quartz Meadow,439,9,167,31,17,177,145,0,0,0,0,0,0
Rose Quartz Ramp,735,720,83,0,0,0,0,0,0,0,0,0,6
Rose Quartz Vault,556,1,0,0,0,0,0,0,0,0,0,0,549
Rose Reactor,474,277,0,0,0,0,0,0,0,47,168,19,46
Rose Slate Khaki,257,26,1,0,69,0,1,1,0,87,60,21,19
Rose Smoke,671,631,90,18,0,0,0,0,0,0,0,0,1
Rose Triad,732,271,7,56,27,0,0,0,0,38,337,45,53
Rose Under Ice,712,10,0,0,0,0,0,0,4,654,66,2,32
Rose and Verdigris,665,417,42,4,2,2,244,127,0,0,1,0,1
Rose in Ash,908,873,0,0,1,0,0,0,39,0,0,0,3
Rust & Rainlight,367,11,239,87,0,0,0,0,0,70,122,0,1
Rust Against Petrol,531,0,16,361,14,1,0,157,71,0,0,0,0
Rust Kiln,588,0,2,550,289,0,0,0,0,0,0,0,0
Rust Lagoon,486,0,1,122,1,0,2,10,377,0,0,0,0
Rust in the Slate Vault,345,3,115,5,0,0,0,0,0,166,211,8,0
Rust to Olive,411,0,138,236,214,15,0,0,0,0,0,0,0
Rust to Plum,502,140,441,238,0,0,0,0,0,0,0,0,3
Sage & Signal,588,0,0,0,0,1,565,2,0,0,0,0,45
Sage Ascendant,567,0,0,0,0,0,243,297,257,6,0,0,0
Sage Ascending,576,0,0,0,0,0,569,0,0,0,0,0,0
Sage Ember,403,3,26,0,0,371,17,0,0,0,0,0,0
Sage Ladder,490,0,0,0,0,157,485,0,0,0,0,0,0
Sage Over Oxblood,443,0,113,2,1,34,324,0,0,0,0,0,0
Sapphire & Coal,94,29,0,0,0,0,0,0,0,2,45,22,39
Sapphire & Dusk Rose,731,222,0,0,0,0,0,0,0,297,304,72,275
Sapphire Against Rose,585,36,0,0,0,0,0,0,0,135,308,101,236
Sapphire Bloom,526,244,1,0,0,0,0,0,0,164,101,45,49
Sapphire in Blush,621,127,0,0,0,0,0,0,0,2,261,159,335
Sea Glass Dawn,577,0,0,0,0,1,291,509,48,0,0,0,0
Sea Glass Drift,270,0,0,0,0,1,264,112,0,0,0,0,0
Sea Glass Vault,539,38,2,13,234,183,28,53,0,0,0,0,100
Sea-Glass & Ash,314,0,57,3,0,0,2,249,175,0,0,0,0
Seafoam Dusk,615,0,0,0,0,0,18,553,215,0,0,0,0
Sherbet Flare,427,94,424,0,1,0,0,0,0,0,0,0,0
"Shoal, One Coral",485,0,207,4,1,0,2,271,220,0,0,0,0
Signal & Sulphur,562,0,0,0,47,0,0,3,242,387,17,0,0
Signal Triad,583,3,5,59,367,0,0,16,7,0,0,0,176
"Siren, Lights Out",399,267,1,1,0,0,0,0,134,1,0,0,102
Sixties Cellar,368,0,4,268,243,41,0,0,0,0,0,0,0
Sixties Poster,395,0,155,278,90,64,0,0,0,0,0,0,0
Slate & Wine,620,41,0,0,0,0,0,0,0,7,393,124,182
Slate Ascension,344,0,0,0,0,0,0,0,101,328,18,0,0
Slate Ladder,451,0,0,0,0,0,1,1,0,424,444,0,0
Slate and Dusty Rose,757,549,48,0,1,1,0,186,138,0,0,0,1
Slow Combustion,316,0,248,158,24,0,0,0,0,0,0,0,0
Smoke & Madder,571,1,0,292,29,0,0,0,1,270,12,0,1
Sorbet Cellar,416,0,1,61,0,0,1,118,0,0,1,248,1
Sorbet Vault,389,5,16,113,0,0,24,179,0,0,0,76,4
Sorrel Triad,493,228,11,1,9,172,0,0,0,31,31,3,45
Spectral,613,47,243,87,97,49,74,5,4,24,1,0,0
Spice Procession,390,2,381,73,2,0,0,0,0,0,0,0,0
Split Lime,662,0,0,0,0,348,8,4,5,245,251,0,0
Steel & Coals,467,0,215,90,0,0,1,73,234,0,0,0,0
Steel & Ember,554,1,10,14,0,0,0,0,0,454,505,0,0
Steel and Straw,676,0,0,0,315,0,0,0,0,351,0,0,0
Straw and Teal,298,0,0,5,298,2,0,0,0,0,0,0,0
Struck Flint,480,0,114,263,2,0,1,42,182,0,0,0,0
Sulphur & Plum,687,0,0,1,228,3,0,0,0,180,343,10,127
Sulphur in the Vault,413,0,0,1,104,0,0,0,0,0,0,347,9
Tarnished Amber,649,0,0,455,412,66,0,0,0,0,0,0,0
Teal & Coral Tide,184,0,110,3,0,0,0,75,42,0,0,0,0
Teal Against Coral,354,0,267,23,0,0,0,59,87,0,0,0,0
Teal Against Rust,573,0,2,291,0,1,23,334,3,0,0,0,0
Teal Amber Orchid,540,35,4,108,13,6,11,229,4,0,0,0,143
Teal Ash,565,0,5,38,0,1,14,522,1,0,0,0,0
"Teal Depths, Coral Spark",740,0,197,1,0,0,1,653,2,0,0,0,0
Teal Ember Cliff,327,0,4,43,0,0,8,287,59,0,0,0,0
"Teal Family, Amber Spark",174,0,0,13,0,0,1,167,1,0,0,0,0
"Teal Flare, Amber Fall",294,0,0,103,0,0,2,220,51,0,0,0,0
"Teal, Magenta, Gold",550,12,1,3,74,1,8,331,0,0,0,0,119
Terminal Flare,484,0,0,0,0,1,481,0,0,0,0,0,0
Three Candles,543,10,368,74,123,0,0,0,0,12,44,0,0
Three Coals,525,3,39,281,121,0,0,0,0,145,46,0,0
Three Coals in Ash,406,7,21,205,1,0,2,67,40,0,0,0,84
Three Fires,723,13,141,104,110,0,0,0,0,301,319,37,10
"Three Hues, Kept Apart",619,45,0,0,44,1,0,359,12,1,0,1,225
Three Jewels,748,1,0,0,0,0,0,0,0,85,478,274,202
"Three Jewels, Pale Room",444,3,110,173,282,0,0,0,0,0,17,0,0
Three Minerals on Coal,312,0,136,39,99,3,1,47,29,0,0,0,0
Three-Jewel Bloom,640,98,23,19,131,1,0,83,47,0,0,1,311
Three-Metal,608,0,4,178,1,1,3,330,10,103,3,0,0
Three-Point Fire-Ice,498,0,14,86,0,0,1,5,237,194,19,2,1
Tidepool,328,0,0,0,0,0,0,136,210,151,2,0,0
"Tidewater, No Sky",435,0,6,163,0,0,0,0,336,0,0,0,0
"Tidewater, Two Crests",216,0,49,1,0,0,0,141,154,0,0,0,0
Tobacco Bloom,650,290,119,158,0,0,0,0,0,146,53,5,7
Tourmaline Rose,722,602,34,1,0,0,18,228,0,0,0,0,0
Triad Nocturne,630,0,0,0,0,0,0,0,0,123,463,242,108
Triad Patina,509,83,88,80,0,0,0,149,0,0,0,0,152
Trinity of Ash,659,74,6,3,221,1,0,11,24,1,0,2,375
Turkish Grind,436,0,18,430,9,0,0,0,0,0,0,0,0
Twilight Bridge,520,8,2,123,166,0,0,0,0,0,0,290,54
Twilight Procession,628,1,0,0,0,0,0,0,0,0,296,431,220
Twilight Triad,719,66,11,29,108,0,0,0,0,0,0,85,518
Twin Mineral Peaks,541,0,254,123,0,0,0,249,143,0,0,0,0
Twin Sapphires,291,1,0,0,0,0,0,0,0,64,191,33,97
Twin Sconces,558,104,429,0,0,0,0,0,0,3,94,1,2
Two Golds,296,0,0,8,293,3,0,0,0,0,0,0,0
Ultraviolet Siren,445,130,0,0,0,0,0,0,264,1,0,19,114
Umber & Ember,421,0,9,416,49,0,0,0,0,0,0,0,0
Umber Ground,448,1,34,436,0,0,0,0,0,0,0,0,0
Umber Procession,473,0,4,468,12,0,0,0,0,0,0,0,0
Umber Rise,74,0,3,72,13,0,0,0,0,0,0,0,0
Varnish and Bone,496,1,68,490,9,0,0,0,0,0,0,0,0
Verdant Ascent,617,0,0,0,0,1,612,1,0,0,0,0,0
Verdant Mist,674,483,1,0,0,0,151,118,7,0,0,0,30
Verdant Triad,649,0,5,169,134,303,33,0,0,0,1,97,3
Verdigris & Coal,703,0,0,0,0,0,2,446,33,3,1,2,352
Verdigris & Copper,560,0,14,275,16,24,15,223,8,0,0,0,0
Verdigris & Fuchsia,630,0,0,0,0,0,1,346,3,1,1,21,355
Verdigris & One Spark,641,0,0,145,1,0,2,528,3,0,0,0,0
Verdigris Coal,614,0,25,425,25,32,184,0,0,0,0,0,0
Verdigris Flare,241,0,8,135,4,2,2,117,0,0,0,0,0
Verdigris Furnace,652,0,0,78,0,0,0,8,579,220,0,0,0
Verdigris Hollow,546,0,0,0,1,0,1,403,509,48,1,0,0
Verdigris Khaki,615,0,0,0,404,75,10,73,128,0,0,0,0
Verdigris Walk,758,0,0,0,93,254,328,325,3,0,0,0,0
"Verdigris to Lime, One Rose",612,3,1,0,4,516,143,0,0,0,0,0,67
Vermilion Chapel,431,0,146,24,7,7,282,0,0,0,0,0,0
Vice Nightfall,417,61,140,102,0,0,0,0,0,0,0,163,65
Violet Ascension,860,0,0,0,0,0,0,0,0,0,473,710,176
Violet Cellar,747,0,0,0,290,0,0,0,0,0,275,466,1
Violet Kindled,659,46,0,0,0,0,0,0,0,0,2,453,341
"Violet, Cyan, Ochre",570,0,0,0,67,6,12,231,93,17,26,153,0
Warm Core in the Deep,827,0,0,0,0,1,1,2,2,763,672,0,0
Widow's Gold,647,16,0,0,33,0,0,0,0,0,0,0,623
Wine & Ember,554,187,194,6,0,0,0,0,0,0,0,39,330
Wine & Slate Candle,666,490,31,0,0,0,0,0,0,0,142,13,35
Wine Step,227,42,183,0,0,0,0,0,0,0,42,0,0
Wisteria Nightfall,652,0,0,0,0,0,0,0,0,0,1,344,623
Y2K Bubblegum,444,210,0,0,0,0,0,0,0,243,8,1,42
Y2K Chrome,439,180,0,0,0,0,0,0,0,270,23,4,17
Yew Without Moon,485,11,121,0,0,4,378,0,0,0,0,0,0
YlGn,542,0,0,0,0,200,528,0,0,0,0,0,0
YlGnBu,663,0,0,0,0,22,112,63,152,331,134,0,0
YlOrBr,600,0,214,542,216,2,0,0,0,0,0,0,0
YlOrRd,591,0,435,251,130,1,0,0,0,0,0,0,0
abstract-3d-wallpapers,622,0,0,0,0,13,613,0,0,0,0,0,0
abstract-wallpaper-backgrounds-hd,592,0,2,288,54,6,0,0,2,303,3,0,0
adrift-concept-art-14463-1920x1200,445,0,1,333,97,2,0,0,0,28,0,0,0
afmhot,936,0,532,743,296,2,0,0,0,0,0,0,0
agates-25,497,0,75,112,354,66,1,0,0,0,0,0,0
ahli,617,0,0,0,2,32,315,241,4,0,0,0,93
along-the-starry-way-25,923,0,0,0,0,1,0,0,0,12,887,462,0
amarettoboso,501,33,108,145,3,0,0,0,0,0,6,233,51
amazing-25,823,0,39,754,238,4,0,0,0,0,0,0,0
anathema-25,567,42,564,0,1,0,0,0,0,0,0,0,0
anodize-25,503,0,0,0,0,0,0,1,415,238,3,0,0
antiques-and-aqua-25,506,0,83,0,0,0,7,443,6,0,0,0,0
ariel-25,529,0,0,0,0,0,0,0,4,508,290,0,0
at-the-beach-hd-wallpaper-1920x1200,621,0,32,606,32,1,0,0,0,0,0,0,0
atlas_grey,0,0,0,0,0,0,0,0,0,0,0,0,0
autumn,452,0,188,251,220,4,0,0,0,0,0,0,0
azarn,698,652,71,2,0,0,0,0,0,0,0,0,325
benediction-25,503,5,75,195,58,0,0,0,0,0,236,9,1
berlin,596,15,295,1,0,0,0,0,0,284,74,26,16
birds-of-paradise-25,508,24,86,50,0,0,0,0,0,0,129,320,32
black-widow-25,512,0,0,22,496,53,5,2,0,0,0,0,0
blacklight-25,647,106,0,0,0,0,0,0,0,0,0,369,450
blinan,348,0,5,92,316,1,0,0,0,0,0,0,0
blue_orange,0,0,0,0,0,0,0,0,0,0,0,0,0
bluebird-25,565,0,0,0,0,0,0,0,106,542,26,0,0
blueroot,634,481,7,0,0,0,0,0,0,0,2,47,278
bone,734,0,0,0,0,0,0,2,81,114,573,78,0
brisbee,440,0,0,70,244,149,0,0,0,0,100,4,0
bwr,793,73,295,1,0,0,0,0,0,0,362,146,79
calypsos-domain-25,542,0,0,0,0,0,281,320,9,25,101,0,0
carried-away-25,736,0,0,0,0,0,0,0,0,1,508,517,3
celestial-domain-25,624,0,0,0,0,0,1,620,110,0,0,0,0
cet_cyclic_bgrmb_35_70_c75,476,119,27,4,3,22,27,0,0,0,85,73,156
cet_cyclic_mrybm_35_75_c68,362,117,74,29,44,0,0,0,0,1,43,50,61
cet_cyclic_mrybm_35_75_c68_s25,154,24,31,11,20,0,0,0,0,0,25,49,36
cet_cyclic_mybm_20_100_c48,327,4,4,0,16,72,55,16,6,63,49,7,16
cet_cyclic_mybm_20_100_c48_s25,187,6,2,1,6,54,36,13,2,11,19,15,12
cet_cyclic_mygbm_30_95_c78,175,2,1,0,14,63,19,0,0,0,37,25,27
cet_cyclic_mygbm_30_95_c78_s25,301,4,0,0,4,97,25,0,0,0,60,81,73
cet_cyclic_mygbm_50_90_c46,143,5,5,8,19,27,10,9,9,19,3,3,5
cet_cyclic_mygbm_50_90_c46_s25,292,12,11,5,28,47,19,16,20,16,20,29,19
cet_cyclic_protanopic_deuteranopic_bwyk_16_96_c31,574,0,0,0,290,0,0,0,0,15,341,7,0
cet_cyclic_protanopic_deuteranopic_wywb_55_96_c33,159,0,0,1,90,0,0,0,0,0,86,0,0
cet_cyclic_rygcbmr_50_90_c64,335,5,52,27,33,38,25,9,12,43,35,4,3
cet_cyclic_rygcbmr_50_90_c64_s25,133,2,46,7,4,12,11,2,2,9,9,9,4
cet_cyclic_tritanopic_cwrk_40_100_c20,557,8,323,0,0,0,1,1,276,15,2,1,0
cet_cyclic_tritanopic_wrwc_70_100_c20,220,9,138,0,0,0,0,0,95,0,0,0,0
cet_cyclic_wrkbw_10_90_c43,400,41,219,0,0,0,0,0,0,0,193,13,6
cet_cyclic_wrkbw_10_90_c43_s25,202,6,108,0,0,0,0,0,0,0,93,15,18
cet_cyclic_wrwbw_40_90_c42,135,3,82,0,0,0,0,0,0,0,57,0,1
cet_cyclic_wrwbw_40_90_c42_s25,273,18,120,0,0,0,0,0,0,0,133,16,33
cet_cyclic_ymcgy_60_90_c67,219,8,4,4,11,45,64,23,3,1,0,3,49
cet_cyclic_ymcgy_60_90_c67_s25,161,0,2,1,15,61,38,10,3,0,2,0,39
cet_diverging_bkr_55_10_c35,502,19,269,0,0,0,0,0,0,9,226,39,34
cet_diverging_bky_60_10_c30,576,0,0,2,322,0,0,0,0,262,72,0,0
cet_diverging_bwg_20_95_c41,651,0,0,0,0,0,208,111,70,353,136,0,0
cet_diverging_bwr_20_95_c54,787,36,379,0,0,0,0,0,0,0,394,51,73
cet_diverging_bwr_40_95_c42,87,8,47,0,0,0,0,0,0,0,29,6,9
cet_diverging_bwr_55_98_c37,585,28,303,0,0,0,0,0,0,1,299,29,33
cet_diverging_gkr_60_10_c40,619,0,354,100,37,33,213,0,0,0,0,0,0
cet_diverging_gwr_55_95_c38,463,0,297,42,23,86,91,0,0,0,0,0,0
cet_diverging_linear_bjr_30_55_c53,402,56,228,0,0,0,0,0,0,0,83,67,36
cet_diverging_linear_bjy_30_90_c45,363,0,2,10,264,1,0,0,0,0,63,99,2
cet_diverging_linear_protanopic_deuteranopic_bjy_57_89_c34,407,0,0,4,259,1,0,0,0,9,187,2,0
cet_diverging_protanopic_deuteranopic_bwy_60_95_c32,353,0,0,4,159,0,0,0,0,1,238,4,0
cet_diverging_rainbow_bgymr_45_85_c67,441,112,193,53,42,88,10,1,0,0,15,0,2
cet_diverging_tritanopic_cwr_75_98_c20,442,9,229,0,0,0,0,0,232,23,6,0,1
cet_linear_bgy_10_95_c74,517,0,0,0,0,127,351,18,3,20,143,0,0
cet_linear_bgyw_15_100_c67,344,0,0,0,0,222,28,1,0,5,135,5,0
cet_linear_bgyw_15_100_c68,136,0,0,0,0,85,4,0,0,0,59,0,0
cet_linear_bgyw_20_98_c66,549,0,0,0,1,372,66,1,1,15,149,0,0
cet_linear_blue_95_50_c20,161,0,0,0,0,0,0,0,0,155,146,0,0
cet_linear_bmw_5_95_c86,583,0,0,0,0,0,0,0,0,0,336,247,257
cet_linear_bmw_5_95_c89,535,0,0,0,0,0,0,0,0,0,287,160,281
cet_linear_bmy_10_95_c71,511,118,122,78,111,0,0,0,0,0,62,30,59
cet_linear_bmy_10_95_c78,473,158,80,71,88,0,0,0,0,0,81,16,42
cet_linear_gow_60_85_c27,349,0,1,4,332,21,6,4,0,0,0,0,0
cet_linear_gow_65_90_c35,386,0,0,13,369,78,1,0,0,0,0,0,0
cet_linear_kbc_5_95_c73,883,0,0,0,0,0,0,1,84,385,697,0,0
cet_linear_kbgoy_20_95_c57,413,0,0,1,263,100,1,1,2,7,113,1,0
cet_linear_kbgyw_10_98_c63,152,0,0,0,0,88,11,0,0,4,58,2,0
cet_linear_kbgyw_5_98_c62,373,0,0,0,0,193,36,4,0,9,151,0,0
cet_linear_kgy_5_95_c69,569,0,0,0,0,48,557,0,0,0,0,0,0
cet_linear_kry_0_97_c73,50,0,22,34,13,0,0,0,0,0,0,0,0
cet_linear_kry_5_95_c72,28,0,18,7,8,0,0,0,0,0,0,0,0
cet_linear_kry_5_98_c75,260,0,179,104,64,0,0,0,0,0,0,0,0
cet_linear_kryw_0_100_c71,62,0,40,33,19,0,0,0,0,0,0,0,0
cet_linear_kryw_5_100_c64,514,0,408,202,59,0,0,0,0,0,0,0,0
cet_linear_kryw_5_100_c67,235,0,187,98,20,2,0,0,0,0,0,0,0
cet_linear_protanopic_deuteranopic_kbjyw_5_95_c25,482,0,1,1,293,0,0,0,0,195,100,0,0
cet_linear_protanopic_deuteranopic_kbw_5_95_c34,879,0,0,0,0,0,0,0,2,461,870,0,0
cet_linear_protanopic_deuteranopic_kbw_5_98_c40,665,0,1,0,139,1,0,0,0,418,535,3,0
cet_linear_protanopic_deuteranopic_kyw_5_95_c49,698,0,0,6,693,2,0,0,0,0,0,0,0
cet_linear_tritanopic_kcw_5_95_c22,219,0,0,0,0,0,0,0,219,4,0,0,0
cet_linear_tritanopic_krjcw_5_95_c24,569,7,205,0,0,0,0,0,424,56,1,0,0
cet_linear_tritanopic_krjcw_5_98_c46,649,125,545,0,0,0,0,0,60,8,1,1,3
cet_linear_tritanopic_krw_5_95_c46,699,15,695,0,2,0,0,0,0,0,0,0,0
cet_linear_wcmr_100_45_c42,521,254,10,0,0,0,0,0,0,10,88,89,166
cet_linear_worb_100_25_c53,619,367,216,71,27,0,0,0,0,0,2,1,189
cet_linear_wyor_100_45_c55,535,0,175,405,244,2,0,0,0,0,0,0,0
cet_rainbow_bgyr_10_90_c83,444,1,32,161,84,46,2,0,0,0,159,6,4
cet_rainbow_bgyr_35_85_c72,259,0,4,95,102,62,11,0,0,4,15,0,0
cet_rainbow_bgyr_35_85_c73,205,0,6,108,68,47,5,0,0,3,6,0,0
cet_rainbow_bgyrm_35_85_c69,249,4,96,74,37,28,7,1,0,0,19,2,1
cet_rainbow_bgyrm_35_85_c71,176,8,55,47,31,27,3,0,0,4,4,0,1
chaidai,510,26,12,1,0,0,0,0,0,1,11,418,134
chalk-drawing-25,697,0,0,0,0,0,0,0,25,671,523,0,0
chiaris-25,573,0,0,0,566,1,0,0,0,0,0,0,0
chronoscope-25,608,0,324,590,41,0,0,0,3,2,0,0,0
circulation,415,320,267,0,0,0,0,0,77,0,0,0,0
citadel,522,0,454,329,0,0,0,0,0,0,0,0,0
city_of_lights,772,0,1,669,468,1,0,0,0,0,0,0,0
cividis,418,0,0,0,325,9,1,1,0,55,80,0,0
cmr.amber,665,3,191,558,279,1,0,0,0,0,0,0,0
cmr.amethyst,806,0,0,0,0,0,0,0,0,11,447,644,0
cmr.apple,624,3,234,154,99,230,52,0,0,0,0,0,0
cmr.arctic,854,0,0,0,0,0,0,0,19,814,521,0,0
cmr.bubblegum,592,165,5,0,0,0,0,0,0,0,49,253,370
cmr.chroma,590,28,12,10,21,160,128,0,0,0,9,69,89
cmr.copper,430,42,45,42,13,13,10,15,88,101,0,0,18
cmr.copper_s,140,21,24,51,9,1,3,0,17,16,1,0,7
cmr.cosmic,639,0,0,0,0,0,0,23,179,144,286,182,0
cmr.dusk,580,2,348,263,28,4,3,3,6,0,0,0,0
cmr.eclipse,484,0,0,4,365,33,0,1,47,53,1,0,0
cmr.ember,597,137,362,254,48,2,0,0,0,0,0,0,7
cmr.emerald,674,0,0,0,0,3,589,389,0,0,0,0,0
cmr.emergency,783,120,41,13,0,0,0,0,0,129,256,411,63
cmr.emergency_s,205,86,20,3,0,0,0,0,0,4,47,59,23
cmr.fall,637,136,99,208,281,15,0,0,0,0,0,0,21
cmr.flamingo,892,860,379,1,0,0,0,0,0,0,0,0,92
cmr.freeze,757,0,0,0,0,0,0,1,57,411,554,12,0
cmr.fusion,811,211,357,112,14,0,0,0,5,102,151,88,7
cmr.gem,618,23,3,0,0,0,0,0,21,174,188,253,97
cmr.ghostlight,529,0,0,0,15,414,0,0,0,0,0,72,50
cmr.gothic,1028,0,0,0,0,0,0,0,0,0,2,1014,553
cmr.guppy,471,61,98,5,0,0,0,0,12,57,159,68,65
cmr.holly,637,263,157,2,5,213,289,0,0,0,0,0,4
cmr.horizon,624,0,0,0,0,0,15,54,35,53,485,103,0
cmr.iceburn,534,1,26,265,30,0,0,0,17,170,61,7,2
cmr.infinity,106,1,9,1,11,5,5,6,1,3,23,17,5
cmr.infinity_s,367,24,52,34,23,24,12,9,2,26,23,75,21
cmr.jungle,647,0,0,0,0,467,618,0,0,0,0,0,0
cmr.lavender,605,0,0,0,0,0,137,261,29,27,39,195,2
cmr.lilac,518,4,1,3,21,235,4,0,0,5,53,165,17
cmr.neon,518,32,11,0,0,0,75,89,30,23,72,80,101
cmr.nuclear,595,0,0,0,0,7,586,0,0,0,0,0,0
cmr.ocean,708,0,0,0,0,0,0,219,350,328,85,5,0
cmr.pepper,473,2,97,101,54,303,12,0,0,0,0,0,0
cmr.pride,503,34,47,81,155,34,3,5,5,35,49,14,7
cmr.prinsenvlag,584,3,33,157,105,0,0,0,17,235,135,2,1
cmr.rainforest,639,0,0,0,49,293,54,10,4,23,53,105,0
cmr.redshift,648,326,17,0,0,0,0,0,26,167,95,39,62
cmr.sapphire,712,0,0,0,0,0,0,0,42,436,545,0,0
cmr.savanna,558,0,2,161,424,100,9,22,2,0,0,0,0
cmr.seasons,395,28,15,38,45,22,82,41,12,26,53,0,2
cmr.seasons_s,150,15,18,48,31,4,17,12,8,1,1,0,1
cmr.seaweed,515,0,0,0,0,0,341,58,50,133,9,0,0
cmr.sepia,547,182,189,185,66,1,0,0,0,0,0,0,40
cmr.sunburst,854,172,753,360,11,0,0,0,0,0,0,0,1
cmr.swamp,614,0,0,0,0,15,498,196,27,5,1,0,0
cmr.torch,656,118,274,42,1,0,0,0,0,2,96,124,78
cmr.toxic,580,0,0,0,0,115,473,33,16,17,36,3,0
cmr.tree,482,0,1,18,39,105,385,0,0,0,0,0,0
cmr.tropical,438,56,62,18,32,28,174,23,0,0,0,0,35
cmr.viola,708,69,0,0,0,0,0,0,5,66,273,338,225
cmr.voltage,836,0,0,0,0,0,0,0,0,31,459,607,133
cmr.waterlily,589,0,0,0,0,70,299,33,34,55,78,109,0
cmr.watermelon,520,256,16,2,3,74,236,0,0,0,0,0,1
cmr.wildfire,554,21,40,227,32,19,128,29,4,10,2,0,0
colourwheel-25,423,65,21,26,268,3,0,3,0,0,0,0,46
commons_2125_Mandelbulb_3D,580,0,0,1,2,0,1,2,1,561,11,0,0
commons_Chaos_Clock_-_The_Steampunk_Spell-Shaper,627,0,0,0,0,610,173,0,0,0,0,0,0
commons_Js17eta,595,0,20,48,55,43,19,16,26,247,59,1,1
commons_Julia-Menge_-0.8_0.156i,560,0,0,0,0,0,0,0,522,87,0,0,0
commons_Julia-Menge_83372617338,469,0,0,0,0,56,443,1,0,0,1,26,1
commons_Julia_Fractal_rendered_in_Paint.NET,786,0,639,551,53,3,0,0,0,0,0,0,0
commons_Julia_set_spiral,508,4,26,17,84,172,27,0,0,0,44,80,16
commons_Kalles_Fraktaler_adventurous-forest_00024_1.17e222,670,58,17,4,0,0,0,0,5,16,545,44,6
commons_Mandelbrot_3_B_C3_B4ng_Xoay,985,0,0,0,0,0,0,0,0,3,979,65,0
commons_Mandelbrot_3_D_C6_B0_C6_A1ng_X_E1_BB_89_C_E1_BB_95_Sinh,487,37,115,129,51,0,0,0,0,0,0,1,231
commons_Mandelbrot_3_Xo_C3_A1y_B_C3_A1nh_Ng_E1_BB_8Dt,164,0,0,45,159,1,0,0,0,0,0,0,0
commons_Mandelbrot_3__E1_BB_94_Chu_E1_BB_93n_Chu_E1_BB_93n__C4_90_E1_BB_99t_Bi_E1_BA_BFn,429,74,17,2,0,0,0,0,0,0,0,4,386
commons_Mandelbrot_4_B_C3_B4ng_Ho_C3_A0ng_D_C3_A3,598,63,0,0,0,0,0,0,0,0,0,200,569
commons_Mandelbrot_4_H_E1_BB_93__E1_BB_90c,272,0,5,58,255,1,0,0,0,0,0,0,0
commons_Mandelbrot_5_B_C3_B4ng_Ng_C5_A9_Gi_C3_A1c,472,50,158,137,9,0,0,0,0,0,0,50,152
commons_Mandelbrot_5_Ba__E1_BB_90c,524,0,0,2,3,239,272,5,0,0,10,96,5
commons_Mandelbrot_5__E1_BB_90c_D_C3_A3y_B_C3_B4ng,620,18,0,0,0,0,0,0,0,112,566,40,15
commons_Mandelbrot_6_Hai_Ng_C3_A2n_H_C3_A0,645,1,89,12,16,30,38,5,10,52,253,198,1
commons_Mandelbrot_6_Ph_C3_A1o_B_C3_B4ng,466,91,90,118,79,0,0,0,0,0,0,0,196
commons_Mandelbrot_6_R_E1_BB_ABng_Nhi_E1_BB_87t__C4_90_E1_BB_9Bi,505,0,0,0,0,2,311,164,175,25,0,0,0
commons_Mandelbrot_6__C4_90_E1_BA_A7u_R_E1_BB_93ng,561,155,39,284,1,0,0,0,0,0,0,0,190
commons_Mandelbrot_B_C3_A1nh_Ng_E1_BB_8Dt,414,0,1,334,215,1,0,0,0,0,1,1,0
commons_Mandelbrot_B_C3_B4ng_Tuy_E1_BA_BFt,881,0,0,0,0,0,0,0,0,0,4,873,16
commons_Mandelbrot_C_C3_A2y_Trong_R_E1_BB_ABng_2,437,120,7,3,2,27,323,0,0,0,0,0,0
commons_Mandelbrot_Hai__E1_BB_90c_M_E1_BB_8Bn,796,699,493,1,1,0,0,0,0,6,1,0,8
commons_Mandelbrot_M_E1_BB_8Dc_Rau,426,92,91,97,0,0,0,0,0,0,0,37,214
commons_Mandelbrot_M_E1_BB_99t__C4_90_C3_A0n__E1_BB_90c,580,14,0,0,2,81,551,0,0,0,0,0,11
commons_Mandelbrot_V_C3_A0nh__C4_90_C3_A0i__E1_BB_90c_M_E1_BB_8Bn,543,0,0,0,1,114,216,0,0,0,0,258,103
commons_Mandelbrot_set-35-k_3D10-filter01,606,0,42,594,79,1,0,0,0,0,0,0,0
commons_Ms-0557-0645,57,0,40,26,8,0,0,0,0,0,0,0,0
commons_Spiralarm_Julia-Menge_-0_2C5R_0I_01072019_16K,482,29,0,0,0,0,0,0,0,0,0,0,474
congruity-25,563,0,166,532,146,0,0,0,0,0,0,0,0
consequences-25,886,1,693,347,155,2,0,0,0,0,0,0,0
contra-25,422,0,269,306,65,0,0,0,0,0,0,0,0
coolwarm,78,3,46,0,0,0,0,0,0,0,28,2,11
copper,612,0,42,597,4,0,0,0,0,0,0,0,0
corkscrew-25,662,0,0,0,0,0,0,2,608,176,21,0,0
corporeal-25,514,0,0,0,0,0,0,0,8,506,21,0,0
cosmic-forces-25,637,2,5,1,0,0,0,0,0,0,626,55,0
creeping-frost-25,641,0,0,0,0,0,0,0,1,615,191,0,0
crisis-25,624,0,195,268,4,0,0,0,8,326,2,0,0
crystal-flood-25,523,0,24,350,468,2,0,0,0,0,0,0,0
cubehelix,569,9,2,4,1,6,61,8,2,9,23,72,129
curlv,732,176,246,54,0,0,0,0,0,0,4,141,279
deadly-nightshade-25,250,0,0,0,2,0,0,0,0,0,213,0,0
death-cd-25,558,0,0,0,0,0,0,0,0,543,58,0,0
debutalis,508,1,266,110,209,0,0,0,0,0,0,1,0
deepsea-life-25,615,0,0,0,0,0,0,0,0,7,609,34,0
delphic-oracle-25,549,287,510,6,0,0,0,0,0,0,0,0,2
desert-nights-25,616,0,0,41,609,1,0,0,0,0,0,0,0
desire-framed-25,573,0,102,555,4,1,0,0,0,0,0,0,0
dessert-union-25,703,5,247,667,155,0,0,0,0,0,0,0,1
dimensionality-25,556,0,0,0,0,302,539,118,0,0,0,0,0
dinlappi,563,36,7,2,6,0,0,0,0,0,0,1,518
dolphin-dance-25,710,0,0,0,0,0,0,0,51,694,254,0,0
doublevision,542,1,1,0,0,1,2,3,25,204,1,71,281
dreamcatcher-25,442,0,0,0,9,78,46,105,137,161,1,0,0
duckol,493,1,0,0,205,4,1,0,140,3,4,74,48
dynamo-25,514,0,0,0,2,256,499,28,1,0,0,0,0
eagles-25,509,0,0,313,354,7,0,0,0,0,0,0,0
early-may-25,555,0,0,10,124,65,127,359,0,0,0,0,0
edge-25,457,0,9,329,301,3,0,0,0,0,0,0,0
eirene-25,502,0,0,1,174,1,1,1,0,142,322,1,0
embrace-25,586,0,0,0,0,42,577,0,0,0,0,0,0
emergence,583,244,15,0,0,0,0,0,0,0,158,263,164
ephemera-25,283,0,0,0,7,1,0,58,270,2,0,0,0
etheric-frontier-25,637,145,118,158,1,0,0,4,34,1,0,106,64
evening-radiance-25,697,0,0,0,0,0,0,0,0,0,1,691,28
exile-25,784,0,0,0,0,0,12,683,313,75,0,0,0
fairys-hollow-25,563,0,0,0,4,156,1,0,1,15,82,355,0
fantasy-25,758,226,180,51,1,0,0,0,0,0,0,65,435
fiery-descent-25,740,0,0,0,0,0,0,0,376,317,150,46,59
flamed-25,523,0,24,386,278,1,0,0,0,0,0,0,0
flaming-wings-25,494,0,316,378,74,4,0,0,0,0,0,0,0
flit-25,555,0,0,0,0,529,523,0,0,0,0,0,0
flow-25,460,46,6,0,0,0,0,0,1,13,5,6,419
flyline,483,9,6,1,19,309,0,0,0,0,20,31,83
forestal,410,0,1,28,400,2,0,0,0,0,0,0,0
forgery-25,543,0,139,524,69,2,0,0,0,0,0,0,0
fractal_abstraction_lines_130499_2560x1600,928,0,0,0,0,0,0,0,0,0,922,64,0
fractal_flowers_abstract_104352_2560x1600,558,1,7,339,96,3,1,1,101,198,1,0,0
fractal_shine_stripes_130177_2560x1600,546,0,0,0,0,61,205,389,215,0,0,0,0
fractal_stripes_bends_lines_116839_2560x1600,582,0,377,526,8,3,0,0,0,0,0,0,0
fractalscape-25,804,0,0,0,0,1,109,722,66,90,6,0,0
freedor,533,0,0,0,0,0,530,84,0,0,0,0,0
fury-of-the-waves-25,463,0,451,145,5,0,0,0,0,0,0,0,0
garcya.us_fantasy_wallpaper074,488,0,0,0,242,477,4,0,0,0,0,0,0
gedoo,513,200,40,22,257,55,2,0,0,0,0,0,3
gemini-25,648,0,68,596,22,1,0,0,0,16,21,2,0
gist_earth,450,0,0,1,63,234,130,3,3,44,39,0,0
gist_heat,889,1,861,321,1,0,0,0,0,0,0,0,0
gist_rainbow,439,0,31,2,2,34,169,13,0,5,81,82,11
gist_stern,452,24,32,12,65,161,1,0,0,0,154,47,15
glassworks-25,744,0,137,437,96,75,159,31,0,0,0,0,0
glory-25,529,26,323,23,0,0,0,0,0,193,64,7,2
glowdon,614,0,35,211,192,108,2,0,1,102,31,0,0
gnuplot,480,64,95,139,41,0,0,0,0,0,0,163,53
gnuplot2,542,32,11,10,94,2,0,0,0,0,220,115,98
golden-egg-closeup-25,417,0,0,0,341,16,1,3,0,21,13,0,0
gossamer-25,719,0,0,0,0,0,1,1,1,524,632,0,0
grace-25,509,17,365,10,0,0,0,0,0,161,12,2,1
green-dragon-25,529,0,0,183,510,12,4,0,0,0,0,0,0
green-spine-25,615,0,0,0,0,210,604,0,0,0,0,0,0
gurundin,503,0,0,168,499,1,1,0,0,0,0,1,0
happy-hours-25,619,1,436,406,11,0,0,0,0,0,0,0,0
harbinger-25,528,1,303,34,253,1,0,0,0,0,0,0,0
hawthorn-25,477,21,0,0,0,0,1,213,184,4,1,25,164
hazy-summer-garden-25,373,0,0,15,360,14,0,0,0,0,0,0,0
heather-and-sage-25,579,0,0,0,0,0,0,40,82,54,165,368,0
hellid-25,415,0,24,361,188,43,0,0,0,0,0,0,0
helping-hands-25,547,0,2,514,210,2,0,0,0,0,0,0,0
hemispheres-25,447,0,0,0,81,246,24,188,13,0,0,0,0
hoarfrost-25,563,0,0,1,555,14,0,0,2,0,0,0,0
holey-trinity-25,659,250,0,0,0,0,0,1,49,252,196,13,10
hollow-worlds-25,661,0,19,313,583,5,0,0,0,0,0,0,0
hot,855,0,596,236,263,5,0,0,0,0,0,0,0
house-of-ivory-25,598,0,0,0,115,27,3,427,331,0,0,0,0
hsv,472,12,45,12,6,60,181,5,3,4,111,10,24
hyperborean-25,738,0,0,0,0,0,0,0,0,1,735,21,0
illusion-25,583,0,0,0,0,0,1,104,77,63,374,15,0
incursion-25,521,0,0,1,29,0,2,3,42,358,207,10,0
inferno,594,86,170,219,91,0,0,0,0,0,0,60,84
infinity-25,561,0,3,0,0,33,548,48,0,0,0,0,0
intermission-25,798,487,256,265,20,0,0,0,0,0,0,0,0
jadanti,892,301,884,0,1,0,0,0,0,0,0,0,0
jade-serpent-25,484,0,0,0,0,0,0,0,0,0,0,265,0
jet,537,0,91,51,38,55,25,3,4,12,208,5,1
jiradin,525,387,58,12,26,46,0,0,0,0,0,4,19
kirin-25,393,0,0,0,0,0,0,0,1,254,271,0,0
krinshinda,553,3,3,177,33,16,0,0,0,1,386,25,1
kyoto-lanterns-25,627,0,35,618,5,1,0,0,0,0,0,0,0
labani,497,190,0,0,0,0,268,23,0,0,0,0,27
lambent-25,542,135,329,0,1,0,0,1,56,127,2,0,4
lander,586,0,23,160,518,7,2,0,0,0,0,0,0
let-there-be-light-25,673,0,0,0,0,0,0,0,0,0,9,665,3
lethe-25,427,56,56,16,0,0,0,0,0,0,5,128,318
ley-lines-25,636,4,18,212,16,0,0,0,33,61,332,28,11
liquid-fire-25,454,10,182,226,116,0,0,0,0,0,32,19,4
locomotion-25,608,0,0,0,0,0,0,0,1,222,222,272,142
mSL22 - Imgur,579,0,0,0,0,329,518,17,2,3,33,0,0
magic-mushroom-25,475,81,1,0,0,0,0,0,5,37,261,81,116
magma,761,208,341,61,1,0,0,0,0,0,2,137,229
magnificat-25,506,0,2,44,276,12,1,22,197,1,0,0,0
malign-25,613,36,607,0,0,0,0,0,0,0,0,0,1
managua,471,10,50,140,14,0,0,0,1,128,125,14,13
mean-25,685,0,0,0,0,0,0,1,667,144,1,1,0
meditation-25,834,0,0,0,0,0,0,1,67,810,112,0,0
meloni,622,51,72,391,163,7,1,0,0,0,0,0,66
metal-emblem-25,558,55,233,38,254,2,0,0,0,0,0,2,0
metamorph-25,529,7,90,168,52,0,0,0,0,13,37,153,14
molten-25,36,0,8,34,12,0,0,0,0,0,0,0,0
moon-over-mandelbrot-25,692,0,0,0,5,1,0,0,0,0,579,235,38
morning-at-misty-vale-25,549,0,0,0,0,1,421,407,1,0,0,0,0
mossy-25,654,0,0,0,7,650,20,0,0,0,0,0,0
muswirla,528,0,14,306,6,0,0,5,40,158,3,0,0
necromancer-25,783,0,623,348,35,0,0,0,0,0,0,0,0
neptunes-garden-25,623,0,0,0,0,0,2,453,381,0,0,0,0
neuron-25,529,0,302,430,89,3,0,0,0,0,0,0,0
nightingale-25,422,27,336,28,0,0,0,0,0,0,63,13,2
nipy_spectral,495,0,48,19,54,118,127,3,0,6,76,7,16
no-mans-land-25,586,0,143,576,62,0,0,0,0,0,0,0,0
not-yet-lost-25,674,0,0,0,0,0,0,0,0,20,103,607,5
nova-25,743,0,501,408,194,1,0,0,0,0,0,0,0
ocean,692,0,0,0,0,0,57,5,173,638,8,0,0
of-strange-design-25,591,0,0,0,0,2,566,76,12,0,0,0,0
pacific-shore-25,632,0,0,10,244,0,0,0,1,181,359,6,0
paezing,913,0,0,0,0,0,0,0,29,605,175,224,107
pageantry-25,549,0,12,381,110,7,19,131,0,0,0,0,0
painted-day-25,753,0,0,0,0,0,3,552,368,86,24,0,0
pebbles-shore-light-25,448,0,66,436,0,0,0,0,0,0,0,0,0
peekaboo-25,530,0,0,0,0,0,0,0,447,51,0,0,0
phylum-25,639,0,0,0,0,1,635,2,0,0,0,0,0
pilgrim,777,0,17,555,608,0,0,0,0,0,0,0,0
pink,612,2,375,152,189,7,0,0,0,0,0,0,0
plasma,438,72,83,72,75,2,0,0,0,0,18,75,93
plummet-25,434,0,0,0,67,181,70,199,38,0,0,0,0
polished-25,660,0,0,0,0,397,630,16,0,0,0,0,0
portal-of-fire-25,475,0,468,314,0,0,0,0,0,0,0,0,0
quiet-waiting-25,528,0,0,3,218,357,164,4,0,0,1,0,0
radian,526,0,0,0,0,0,0,0,0,0,129,456,200
ragnetic_field,253,0,38,244,1,0,0,0,0,0,0,0,0
rainbow,461,1,83,59,9,13,31,23,5,28,77,25,5
rainbow-country-25,470,0,7,141,43,290,4,1,0,3,0,0,0
ransom-25,479,0,15,364,326,4,0,0,0,0,0,0,0
re-entry-25,625,31,49,350,2,0,0,0,0,0,2,250,25
red-octavo-25,622,2,357,554,145,0,0,0,0,0,0,0,0
reelati,613,0,0,0,0,338,148,8,10,98,158,0,0
rideon,735,243,12,0,0,0,0,0,0,0,0,419,354
riding-on-the-tide-25,645,10,42,132,21,0,0,0,0,0,318,162,36
rite-of-passage-25,81,0,18,78,6,0,0,0,0,0,0,0,0
riven-25,549,0,64,468,237,2,0,0,0,0,0,0,0
river-of-light-25,804,0,0,48,365,43,14,407,0,0,0,0,0
rolling,850,0,0,0,0,573,56,5,51,285,4,0,0
rondo,533,79,27,94,44,0,0,0,0,0,23,198,116
rose-pillow-25,500,68,491,0,0,0,0,0,0,0,0,0,0
roundabout,665,61,173,290,3,0,0,0,0,0,0,0,256
sacred-grove-25,576,0,0,0,0,0,0,0,552,237,7,0,0
sad-eyes-25,621,0,0,63,2,0,0,0,2,295,520,1,0
sanctuary-25,631,0,0,0,0,0,0,0,0,4,624,8,0
sapphire-dreams-25,542,0,0,0,0,5,7,11,233,382,69,0,0
satin-ends-25,509,0,0,0,0,5,14,3,21,122,180,31,169
scarlet-admiral-25,498,0,236,404,186,0,0,0,0,0,0,0,0
scattering-25,675,0,10,564,318,0,0,0,0,0,0,0,0
sci-fi-new-worlds-alien-fiction-selection-earth-space-planets-393423,485,0,0,0,79,133,22,149,268,1,0,0,0
scifi-my-current-lol-1652484,545,0,0,0,1,0,0,0,533,49,1,0,0
seaweed-25,645,0,0,0,0,0,385,461,198,0,0,0,0
seismic,804,82,300,2,0,0,0,0,0,0,399,123,88
shadalu,579,0,111,563,222,0,0,0,0,0,0,0,0
shaki,438,3,34,49,244,24,0,0,0,5,14,60,5
shartook,404,0,0,37,399,1,0,0,0,0,0,0,0
sholmes,507,59,272,137,4,0,0,0,0,0,0,99,69
silk-scarves-25,502,0,18,270,470,4,0,0,0,0,0,0,0
singularity-25,563,0,0,0,0,0,131,388,368,0,0,0,0
skyroads-25,659,0,0,0,0,0,10,648,304,0,0,0,0
skyroads-blue-25,911,0,0,0,0,0,0,0,1,8,904,14,5
skyward-25,388,19,21,63,131,0,0,0,0,0,76,106,13
sleeper-25,280,0,0,0,5,3,1,128,245,3,1,0,0
smokey-green-25,486,0,0,0,0,28,484,1,0,0,0,0,0
smooth-sailing-25,482,65,207,0,0,0,0,0,0,231,103,2,6
solipstic,569,0,4,374,152,0,0,0,0,110,43,0,3
sparks,749,42,72,65,6,0,0,0,0,0,127,391,183
sparx-25,806,0,0,0,4,798,4,0,0,0,0,0,0
spirit-of-the-dream-25,79,16,29,0,0,0,0,0,0,29,12,0,2
spring,428,121,77,36,188,1,0,0,0,0,0,0,72
stained_glass,383,5,11,80,329,1,0,0,0,0,0,0,8
standard-25,545,63,256,30,1,0,0,0,0,0,114,143,52
strange-creature-25,566,1,532,295,8,0,0,0,0,0,0,0,1
summer,453,0,0,0,0,334,292,6,0,0,0,0,0
summer-dusk-25,521,0,0,0,102,28,9,40,52,153,258,0,0
sun-god-25,634,0,29,608,118,0,0,0,0,0,0,0,0
sun-kissed-25,557,57,205,13,106,184,60,0,0,0,0,5,2
sunsets-wake-25,469,0,21,435,86,5,0,0,0,0,0,0,0
taladee,619,49,72,224,143,3,0,0,0,0,3,68,121
tapestry-25,572,0,20,189,355,233,1,0,0,0,0,0,0
technology-25,560,0,0,0,503,103,0,0,0,6,3,0,0
ten-leaf-clover-25,655,0,0,0,0,0,261,506,35,153,2,0,0
terrain,492,0,1,8,97,138,237,5,4,19,45,0,0
tethered,536,0,29,163,23,235,204,18,1,0,0,0,0
the-four-quarters-25,473,0,2,193,127,49,116,76,0,0,0,0,0
the-outsiders-25,537,1,6,57,332,0,0,1,0,0,214,14,4
the_light_fantastic,530,0,0,0,0,0,0,0,7,524,37,0,0
tictac,582,0,0,0,0,0,1,197,382,203,67,0,0
to-the-bone-25,537,0,0,0,32,5,2,44,117,265,197,29,0
torment-of-the-skies-25,679,0,0,0,0,0,0,0,1,613,587,1,0
torque-25,584,12,361,48,0,0,0,0,55,185,3,0,1
touch,610,0,324,594,2,0,0,0,0,0,0,0,0
toxic-spire-25,735,0,0,1,279,410,452,0,0,0,0,0,0
trade-winds-25,476,1,203,372,186,6,0,0,0,0,0,0,1
transcendence-25,916,0,0,0,0,0,0,4,300,559,573,0,0
tri-state,525,279,199,130,4,0,0,0,0,0,0,0,37
triangulate-25,548,0,83,382,70,0,0,0,1,148,3,0,0
triglandal,623,522,20,0,70,56,0,1,0,0,0,0,99
turbo,435,0,71,78,40,79,35,5,6,13,68,13,0
twilight,391,83,46,9,0,0,0,0,0,30,121,146,33
twilight_shifted,224,30,32,3,0,0,0,0,0,4,64,140,13
under-a-brighter-sky-25,563,0,0,0,0,0,0,2,552,21,3,0,0
unfolding-creation-25,487,0,7,0,118,449,77,0,0,0,0,0,0
variations-on-a-floorplan-25,539,51,74,17,0,0,0,0,0,184,132,108,35
vibe-25,524,8,35,260,6,0,0,0,0,215,17,2,1
viridis,454,0,0,0,0,120,249,38,6,26,18,58,2
visionary-spires-25,720,0,0,0,0,0,0,1,479,516,6,0,0
visions-25,1379,0,0,0,0,0,0,0,0,1,28,1363,2
vitality-25,540,0,175,520,84,0,0,0,0,4,0,0,0
wallhaven_wallhaven-0125mv,465,66,5,0,0,0,11,48,4,5,31,136,213
wallhaven_wallhaven-0w8gpp,768,0,0,0,0,0,0,0,755,712,1,0,0
wallhaven_wallhaven-1jo7vv,448,10,443,9,1,0,0,0,0,0,0,0,0
wallhaven_wallhaven-1joljg,961,282,950,29,1,0,0,0,0,0,0,0,1
wallhaven_wallhaven-2ex5zg,1188,0,0,0,0,0,0,0,0,0,1155,461,0
wallhaven_wallhaven-398e39,949,0,0,0,0,0,0,0,0,0,828,587,12
wallhaven_wallhaven-39lg2d,705,0,0,0,0,0,1,244,678,12,0,0,0
wallhaven_wallhaven-3z1jkd,697,501,0,0,0,0,0,0,0,0,0,95,320
wallhaven_wallhaven-422xr6,650,27,137,0,3,1,1,0,45,140,417,10,6
wallhaven_wallhaven-45pqz1,662,54,0,0,0,0,0,0,0,0,2,12,652
wallhaven_wallhaven-47xzoe,663,269,270,33,0,0,0,0,0,0,6,95,189
wallhaven_wallhaven-4omjp5,633,0,0,0,0,0,3,15,477,425,0,0,0
wallhaven_wallhaven-4xy8el,719,0,0,0,0,0,0,0,5,683,246,0,0
wallhaven_wallhaven-5dpzz5,626,0,0,0,0,0,0,0,126,51,62,390,80
wallhaven_wallhaven-6d3zz6,821,118,703,301,17,0,0,0,0,0,0,1,1
wallhaven_wallhaven-8xz1mk,641,2,634,47,1,0,0,0,0,0,0,0,0
wallhaven_wallhaven-95k3qx,453,0,0,0,0,0,0,0,385,229,29,0,0
wallhaven_wallhaven-d67kpg,752,0,0,0,0,0,0,140,641,386,7,0,0
wallhaven_wallhaven-d6yv9m,601,8,578,33,2,0,0,0,0,16,6,1,0
wallhaven_wallhaven-dg6v93,743,0,0,0,0,0,0,0,0,0,555,369,70
wallhaven_wallhaven-dped2l,431,0,0,0,0,1,0,0,197,409,3,0,0
wallhaven_wallhaven-e7v1ll,520,304,0,0,0,0,0,0,0,1,70,49,319
wallhaven_wallhaven-g8ev1l,827,0,0,0,0,0,0,0,0,0,815,549,0
wallhaven_wallhaven-g8p1ol,533,0,0,0,0,0,0,189,509,150,0,0,0
wallhaven_wallhaven-k97v5q,611,0,1,33,128,2,0,0,2,0,193,395,0
wallhaven_wallhaven-kwg7v6,713,188,707,1,0,0,0,0,0,0,0,0,0
wallhaven_wallhaven-m9v5l9,667,0,0,0,0,0,0,5,573,406,1,0,0
wallhaven_wallhaven-nm6938,469,0,0,0,0,0,65,171,326,130,2,0,0
wallhaven_wallhaven-nrl8ym,415,2,100,305,161,2,0,0,0,0,3,0,0
wallhaven_wallhaven-oxgk7p,576,0,518,353,2,1,1,0,0,0,0,0,0
wallhaven_wallhaven-oxxve5,616,0,469,561,61,0,0,0,0,0,0,0,0
wallhaven_wallhaven-vg1rzm,1408,0,0,0,0,0,0,0,0,0,802,1399,8
wallhaven_wallhaven-we6oqp,426,0,88,390,5,0,0,0,0,0,0,0,0
wallhaven_wallhaven-xl8gmd,522,0,423,173,18,5,12,1,0,0,0,0,0
wallhaven_wallhaven-ym8rqk,996,0,0,0,0,0,0,0,200,477,702,0,0
wallhaven_wallhaven-yxlvkk,524,41,0,0,0,0,0,0,0,0,0,113,509
wallhaven_wallhaven-zxv17j,961,0,0,0,0,0,0,0,0,0,21,951,1
wallpaper-supernova,517,3,276,7,0,0,0,266,44,0,0,0,0
waltzing-in-shadows-25,448,0,0,2,255,29,4,0,0,128,103,0,0
warp-angels-25,533,1,22,1,0,0,0,0,0,0,376,354,4
watercolours-in-the-rain-25,660,0,0,0,0,0,1,194,275,196,264,0,0
watersprite-25,766,0,0,0,0,0,0,0,9,554,562,0,0
western-winds-25,393,0,0,17,142,1,0,0,5,35,230,5,1
wheelance,613,256,61,89,253,0,0,0,0,0,0,0,20
whispers-on-golden-sand-25,606,0,0,83,0,0,0,0,19,190,420,5,0
windy-peak-25,490,1,22,14,0,0,0,0,0,0,427,77,4
winter,577,0,0,0,0,0,58,143,63,50,340,0,0
within-25,600,0,0,1,343,26,32,42,239,0,0,0,0
xelan-25,554,0,0,18,429,73,87,6,0,0,0,0,0
xuahakin,506,57,32,14,272,21,11,1,0,0,1,3,28
zhgiu1cypaac1,458,2,1,3,163,0,0,1,58,158,19,30,97
